{"cameraMode":{"drawMode":0,"name":"Shaded","section":"Shading Mode"},"sceneLighting":true,"audioPlay":false,"sceneViewState":{"m_AlwaysRefresh":false,"showFog":true,"showSkybox":true,"showFlares":true,"showImageEffects":true,"showParticleSystems":true,"showVisualEffectGraphs":true,"m_FxEnabled":true},"in2DMode":false,"pivot":{"x":-9.227827072143555,"y":0.7757163047790527,"z":0.27345019578933718},"rotation":{"x":0.018331235274672509,"y":-0.7338750958442688,"z":0.01981906220316887,"w":0.6787543296813965},"size":5.291416645050049,"orthographic":false}