{"cameraMode":{"drawMode":0,"name":"Shaded","section":"Shading Mode"},"sceneLighting":true,"audioPlay":false,"sceneViewState":{"m_AlwaysRefresh":false,"showFog":true,"showSkybox":true,"showFlares":true,"showImageEffects":true,"showParticleSystems":true,"showVisualEffectGraphs":true,"m_FxEnabled":true},"in2DMode":false,"pivot":{"x":-4.525118827819824,"y":1.557843565940857,"z":-0.38009119033813479},"rotation":{"x":0.017321012914180757,"y":-0.2718873620033264,"z":0.004893910605460405,"w":0.9621654152870178},"size":2.2914161682128908,"orthographic":false}